Node Group Title,Protonated Residue Name,Deprotonated Residue Name,Solvent pKa,Complex pKa
A-F82D,A:82 ASH,A:82 ASP,4.03,4.60
A-K12E,A:12 GLH,A:12 GLU,4.65,7.48
A-K84D,A:84 ASH,A:84 ASP,3.90,5.72
A-Q78E,A:78 GLH,A:78 GLU,4.32,5.27
A-R81E,A:81 GLH,A:81 GLU,3.61,4.85
A-R85E,A:85 GLH,A:85 GLU,5.12,10.25
A-T13D,A:13 ASH,A:13 ASP,5.32,7.87
A-T6D,A:6 ASH,A:6 ASP,5.16,5.64
A-W91D,A:91 ASH,A:91 ASP,6.36,8.92
WT,A:12 LYS,A:12 LYN,10.33,10.16
WT,A:84 LYS,A:84 LYN,10.55,11.19
WT,A:9 GLH,A:9 GLU,4.34,2.50
