Node Group Title,Node Title,Node Experimental Binding dG,Node Predicted Binding dG,dG Correction,Node Group Predicted Binding dG
C-A86M,C-ALA86MET,2.00,1.68+-0.21,0.29,1.97+-0.21
C-H90A,C-HIS90ALA,N/A,-1.47+-0.23,0.34,-1.13+-0.23
C-H94A,C-HIS94ALA,N/A,-0.77+-0.35,-0.04,-0.81+-0.35
C-Q138D,C-GLN138ASH,1.54,0.31+-0.31,0.32,0.63+-0.31
C-Q138D,C-GLN138ASP,1.54,3.68+-0.31,-3.05,0.63+-0.31
C-Q142M,C-GLN142MET,-1.39,-0.74+-0.21,0.29,-0.45+-0.21
C-S146M,C-SER146MET,0.12,-0.87+-0.21,0.29,-0.58+-0.21
C-V144K,C-VAL144LYN,1.23,0.72+-0.21,1.48,2.20+-0.21
C-V144K,C-VAL144LYS,1.23,1.91+-0.21,0.29,2.20+-0.21
WT,C-HIS90HIE,N/A,-0.37+-0.27,0.25,-0.12+-0.27
WT,C-HIS90HIP,N/A,-0.62+-0.27,0.50,-0.12+-0.27
WT,C-HIS94HIE,N/A,0.59+-0.35,-0.71,-0.12+-0.35
WT,C-HIS94HIP,N/A,0.05+-0.24,-0.17,-0.12+-0.24
WT,WT,0.00,-0.41+-0.21,0.29,-0.12+-0.21
